{
  "bg": 78, 
  "temp": "absolute", 
  "snoozeBG": 93, 
  "predBGs": {
    "aCOB": [
      78, 
      86, 
      94, 
      100, 
      106, 
      110, 
      114, 
      117, 
      118, 
      119, 
      121, 
      122, 
      124, 
      125, 
      127, 
      129, 
      131, 
      133, 
      135, 
      137, 
      138, 
      140, 
      141, 
      142, 
      143, 
      144, 
      145, 
      146, 
      147, 
      148, 
      148, 
      149, 
      149, 
      150, 
      150, 
      150, 
      150, 
      151
    ], 
    "IOB": [
      78, 
      77, 
      77, 
      77, 
      77, 
      78, 
      79, 
      80, 
      81, 
      82, 
      83, 
      84, 
      86, 
      88, 
      89, 
      91, 
      93, 
      95, 
      97, 
      99, 
      101, 
      102, 
      103, 
      105, 
      106, 
      107, 
      108, 
      108, 
      109, 
      110, 
      110, 
      111, 
      111, 
      112, 
      112, 
      112, 
      113
    ]
  }, 
  "rate": 0.6, 
  "reason": "COB: 5, Dev: -1, BGI: -0.45, ISF: 82, Target: 96; Eventual BG 93 < 96, 24m@-0.750 = -0.300 < req -0.07334963325183375-0.22499999999999998", 
  "COB": 5, 
  "eventualBG": 93, 
  "duration": 30, 
  "tick": "+0", 
  "IOB": -0.196
}