{
  "bg": 117, 
  "temp": "absolute", 
  "snoozeBG": 93, 
  "recieved": true, 
  "predBGs": {
    "IOB": [
      117, 
      114, 
      111, 
      109, 
      107, 
      104, 
      102, 
      100, 
      99, 
      97, 
      96, 
      95, 
      94, 
      93, 
      93, 
      92, 
      92, 
      91, 
      91, 
      91, 
      91, 
      91, 
      91, 
      91, 
      91, 
      91, 
      91, 
      91, 
      91, 
      92
    ]
  }, 
  "reason": "COB: 0, Dev: -6, BGI: -2, ISF: 82, Target: 96; Eventual BG 93 < 96, 30m@-0.625 = -0.313 < req -0.07334963325183375-0.195", 
  "rate": 0.5, 
  "COB": 0, 
  "eventualBG": 93, 
  "timestamp": "2017-02-27T06:15:47.245016", 
  "duration": 30, 
  "tick": -2, 
  "IOB": 0.221
}