{
  "bg": 113, 
  "temp": "absolute", 
  "snoozeBG": 95, 
  "recieved": true, 
  "predBGs": {
    "IOB": [
      113, 
      111, 
      109, 
      106, 
      105, 
      103, 
      101, 
      100, 
      99, 
      98, 
      97, 
      96, 
      96, 
      96, 
      96, 
      97, 
      97, 
      98, 
      98, 
      99, 
      99, 
      100, 
      101, 
      101, 
      102, 
      103, 
      103, 
      104, 
      104, 
      105, 
      105, 
      106, 
      106, 
      106, 
      106, 
      107
    ]
  }, 
  "reason": "COB: 0, Dev: -7, BGI: -1.15, ISF: 82, Target: 96; Eventual BG 95 < 96, 21m@-0.600 = -0.210 < req -0.02444987775061125-0.18. Setting neutral temp basal of 0.55U/hr", 
  "rate": 0.55, 
  "COB": 0, 
  "eventualBG": 95, 
  "timestamp": "2017-01-25T06:31:17.253947", 
  "duration": 30, 
  "tick": "+1", 
  "IOB": 0.13
}