{
  "bg": 105, 
  "temp": "absolute", 
  "snoozeBG": 93, 
  "recieved": true, 
  "predBGs": {
    "IOB": [
      105, 
      102, 
      99, 
      96, 
      93, 
      91, 
      89, 
      87, 
      86, 
      86, 
      86, 
      86, 
      87, 
      88, 
      90, 
      92, 
      94, 
      96, 
      99, 
      101, 
      104, 
      107, 
      109, 
      112, 
      114, 
      116, 
      118, 
      120, 
      122, 
      124, 
      125, 
      127, 
      128, 
      128, 
      129, 
      130, 
      130, 
      130, 
      130, 
      131
    ]
  }, 
  "reason": "COB: 0, Dev: -1, BGI: -3.15, ISF: 82, Target: 96; Eventual BG 93 < 96, 24m@-1.450 = -0.580 < req -0.07334963325183375-0.435. Setting neutral temp basal of 1.3U/hr", 
  "rate": 1.3, 
  "COB": 0, 
  "eventualBG": 93, 
  "timestamp": "2017-03-04T22:11:11.763454", 
  "duration": 30, 
  "tick": -3, 
  "IOB": 0.137
}