{
  "bg": 92, 
  "temp": "absolute", 
  "snoozeBG": 93, 
  "recieved": true, 
  "predBGs": {
    "IOB": [
      92, 
      90, 
      88, 
      87, 
      86, 
      85, 
      84, 
      84, 
      84, 
      85, 
      85, 
      86, 
      88, 
      89, 
      90, 
      92, 
      93, 
      95, 
      97, 
      98, 
      100, 
      101, 
      103, 
      104, 
      105, 
      107, 
      108, 
      108, 
      109, 
      110, 
      111, 
      111, 
      112, 
      112, 
      112, 
      113
    ]
  }, 
  "reason": "COB: 0, Dev: -10, BGI: -0.49, ISF: 82, Target: 96; Eventual BG 93 < 96, 27m@-0.650 = -0.293 < req -0.07334963325183375-0.195", 
  "rate": 0.5, 
  "COB": 0, 
  "eventualBG": 93, 
  "timestamp": "2017-01-21T08:10:46.436287", 
  "duration": 30, 
  "tick": "+0", 
  "IOB": -0.13
}