{
  "requested": {
    "duration": 30, 
    "rate": 0.475, 
    "temp": "absolute"
  }, 
  "bg": 196, 
  "temp": "absolute", 
  "snoozeBG": 77, 
  "timestamp": "2016-12-31T11:42:37.512265", 
  "predBGs": {
    "IOB": [
      196, 
      186, 
      175, 
      165, 
      155, 
      145, 
      135, 
      126, 
      118, 
      111, 
      104, 
      98, 
      92, 
      88, 
      83, 
      80, 
      77, 
      74, 
      72, 
      71, 
      70, 
      69, 
      69, 
      69, 
      70, 
      70, 
      71, 
      71, 
      72, 
      73, 
      73, 
      74, 
      74, 
      75, 
      75, 
      75, 
      76
    ]
  }, 
  "reason": "COB: 0, Dev: 8, BGI: -9.04, ISF: 90, Target: 80; Eventual BG 74 < 80, 27m@-0.600 = -0.270 < req -0.06666666666666667-0.18", 
  "rate": 0.0, 
  "COB": 0, 
  "eventualBG": 74, 
  "recieved": false, 
  "duration": 26, 
  "tick": -10, 
  "IOB": 1.443
}