{
  "bg": 104, 
  "temp": "absolute", 
  "snoozeBG": 94, 
  "recieved": true, 
  "predBGs": {
    "IOB": [
      104, 
      101, 
      98, 
      96, 
      93, 
      91, 
      90, 
      89, 
      88, 
      88, 
      87, 
      88, 
      88, 
      89, 
      90, 
      91, 
      92, 
      93, 
      95, 
      96, 
      97, 
      98, 
      100, 
      101, 
      102, 
      103, 
      104, 
      105, 
      106, 
      106, 
      107, 
      108, 
      108, 
      108, 
      109, 
      109, 
      109, 
      109, 
      109, 
      109, 
      110
    ]
  }, 
  "reason": "COB: 0, Dev: -12, BGI: -1.15, ISF: 82, Target: 96; Eventual BG 94 < 96, 27m@-0.600 = -0.270 < req -0.0488997555012225-0.195", 
  "rate": 0.55, 
  "COB": 0, 
  "eventualBG": 94, 
  "timestamp": "2017-01-21T07:40:37.894459", 
  "duration": 30, 
  "tick": -1, 
  "IOB": -0.022
}