{
  "bg": 76, 
  "temp": "absolute", 
  "snoozeBG": 97, 
  "recieved": true, 
  "predBGs": {
    "aCOB": [
      76, 
      87, 
      98, 
      109, 
      119, 
      129, 
      139, 
      149, 
      158, 
      168, 
      177, 
      185, 
      194, 
      202, 
      209, 
      216, 
      223, 
      230, 
      236, 
      242, 
      248, 
      253, 
      257, 
      262, 
      265, 
      268, 
      271, 
      273, 
      274, 
      275, 
      276, 
      277, 
      278, 
      279, 
      279, 
      280, 
      280, 
      281
    ], 
    "IOB": [
      76, 
      78, 
      79, 
      81, 
      83, 
      85, 
      87, 
      89, 
      91, 
      94, 
      96, 
      99, 
      101, 
      104, 
      106, 
      109, 
      111, 
      114, 
      116, 
      119, 
      122, 
      124, 
      127, 
      129, 
      131, 
      133, 
      134, 
      136, 
      137, 
      139, 
      140, 
      141, 
      141, 
      142, 
      143, 
      143, 
      144
    ]
  }, 
  "reason": "COB: 17, Dev: -4, BGI: 2.16, ISF: 90, Target: 100; Eventual BG 97 < 100, 27m@-1.000 = -0.450 < req -0.06666666666666667-0.3", 
  "rate": 0.875, 
  "COB": 17, 
  "eventualBG": 97, 
  "timestamp": "2017-02-23T00:24:59.009351", 
  "duration": 30, 
  "tick": "+2", 
  "IOB": -0.278
}