{
  "bg": 94, 
  "temp": "absolute", 
  "snoozeBG": 98, 
  "recieved": true, 
  "predBGs": {
    "IOB": [
      94, 
      93, 
      92, 
      91, 
      91, 
      90, 
      90, 
      90, 
      91, 
      91, 
      92, 
      93, 
      94, 
      95, 
      96, 
      98, 
      99, 
      101, 
      102, 
      104, 
      105, 
      107, 
      108, 
      109, 
      110, 
      112, 
      113, 
      114, 
      114, 
      115, 
      116, 
      116, 
      117, 
      117, 
      118
    ]
  }, 
  "reason": "COB: 0, Dev: -11, BGI: 0.63, ISF: 90, Target: 100; Eventual BG 98 < 100, 23m@-0.550 = -0.211 < req -0.044444444444444446-0.165", 
  "rate": 0.45, 
  "COB": 0, 
  "eventualBG": 98, 
  "timestamp": "2017-02-07T06:43:13.924895", 
  "duration": 30, 
  "tick": -1, 
  "IOB": -0.172
}